"","alphas","betas"
"IBM",0.0155402442744548,1.19012955468658
"MS",0.0532390358445075,1.73983343609799
"DELL",0.0239380075819672,1.33892802207617
"C",0.0169343525508953,1.18228134383149
"JPM",0.0351342574113415,1.57123295488493
"BAC",0.00719618823933102,0.97020847219123
