"","alphas","betas"
"IBM",0.0208835977994848,1.28064232649325
"MS",0.059548398102978,1.81863934662089
"DELL",0.0170100617127989,1.28433382276670
"C",0.0144923251330675,1.19534153822241
"JPM",0.0273652295858309,1.56236097227633
"BAC",0.00282990760531165,0.962898829240616
